{"cameraMode":{"drawMode":0,"name":"Shaded","section":"Shading Mode"},"sceneLighting":true,"audioPlay":false,"sceneViewState":{"showFog":true,"showMaterialUpdate":false,"showSkybox":true,"showFlares":true,"showImageEffects":true,"showParticleSystems":true},"in2DMode":false,"pivot":{"x":-11.146894454956055,"y":8.41049861907959,"z":-27.50490951538086},"rotation":{"x":-0.010267251171171666,"y":-0.17119599878787995,"z":-0.011187296360731125,"w":-0.985173225402832},"size":22.0,"orthographic":false}