{"cameraMode":{"drawMode":0,"name":"Shaded","section":"Shading Mode"},"sceneLighting":false,"audioPlay":false,"sceneViewState":{"showFog":true,"showMaterialUpdate":false,"showSkybox":false,"showFlares":true,"showImageEffects":true,"showParticleSystems":true},"in2DMode":false,"pivot":{"x":4.650000095367432,"y":-1.100000023841858,"z":-0.6399999856948853},"rotation":{"x":-0.004632037132978439,"y":0.04396757110953331,"z":-0.013009433634579182,"w":-0.9989781975746155},"size":22.0,"orthographic":false}